1,Tue May 27 2025 00:00:00 GMT+0530 (India Standard Time),450000
2,Tue May 27 2025 00:00:00 GMT+0530 (India Standard Time),450000
3,Tue May 27 2025 00:00:00 GMT+0530 (India Standard Time),450000
5,Tue May 27 2025 00:00:00 GMT+0530 (India Standard Time),450000
6,Tue May 27 2025 00:00:00 GMT+0530 (India Standard Time),450000
7,Tue May 27 2025 00:00:00 GMT+0530 (India Standard Time),450000
8,Wed May 28 2025 00:00:00 GMT+0530 (India Standard Time),450000
9,Wed May 28 2025 00:00:00 GMT+0530 (India Standard Time),450000
10,Wed May 28 2025 00:00:00 GMT+0530 (India Standard Time),450000
11,Wed May 28 2025 00:00:00 GMT+0530 (India Standard Time),450000
12,Fri May 30 2025 00:00:00 GMT+0530 (India Standard Time),747000
13,Fri May 30 2025 00:00:00 GMT+0530 (India Standard Time),747000
14,Fri May 30 2025 00:00:00 GMT+0530 (India Standard Time),125
15,Fri May 30 2025 00:00:00 GMT+0530 (India Standard Time),174
16,Fri May 30 2025 00:00:00 GMT+0530 (India Standard Time),174
17,Fri May 30 2025 00:00:00 GMT+0530 (India Standard Time),174
18,Fri May 30 2025 00:00:00 GMT+0530 (India Standard Time),174
19,Fri May 30 2025 00:00:00 GMT+0530 (India Standard Time),174
20,Fri May 30 2025 00:00:00 GMT+0530 (India Standard Time),174